"B1000A","LDA",155,"Scheepswerf Visser bv"," Den Helder"
"B1000F","LDF",155,"Scheepswerf Visser bv"," Den Helder"
"B1001A","LDA",220,"Bodewes Binnenvaart bv"," Millingen a/d Rijn"
"B1001F","LDF",220,"Bodewes Binnenvaart bv"," Millingen a/d Rijn"
"B1002A","LDA",155,"Scheepswerf Visser bv"," Den Helder"
"B1002F","LDF",155,"Scheepswerf Visser bv"," Den Helder"
"B1003A","LDA",155,"Scheepswerf Visser bv"," Den Helder"
"B1003F","LDF",155,"Scheepswerf Visser bv"," Den Helder"
"B1004A","LDA",110,"Damen Shipyards bv"," Gorinchem"
"B1004F","LDF",110,"Damen Shipyards bv"," Gorinchem"
"B1005A","LDA",125,"De Biesbosch Dordrecht bv"," Dordrecht"
"B1005F","LDF",125,"De Biesbosch Dordrecht bv"," Dordrecht"
"B1006A","LDA",125,"De Biesbosch Dordrecht bv"," Dordrecht"
"B1006F","LDF",125,"De Biesbosch Dordrecht bv"," Dordrecht"
"B1007A","LDA",155,"Scheepswerf Visser bv"," Den Helder"
"B1007F","LDF",155,"Scheepswerf Visser bv"," Den Helder"
"B1008A","LDA",155,"Scheepswerf Visser bv"," Den Helder"
"B1008F","LDF",155,"Scheepswerf Visser bv"," Den Helder"
"B1009A","LDA",190,"Krupp Germaniawerft (Germany (East))",
"B1009F","LDF",190,"Krupp Germaniawerft (Germany (East))",
"B1010F","LDF",220,"Machinefabriek Dolderman bv"," Dordrecht"
"B1011A","LDA",200,"Frisian Shipyard Welgelegen bv"," Harlingen"
"B1011F","LDF",200,"Frisian Shipyard Welgelegen bv"," Harlingen"
"B1012A","LDA",200,"Frisian Shipyard Welgelegen bv"," Harlingen"
"B1012F","LDF",200,"Frisian Shipyard Welgelegen bv"," Harlingen"
"B1013A","LDA",200,"Frisian Shipyard Welgelegen bv"," Harlingen"
"B1013F","LDF",200,"Frisian Shipyard Welgelegen bv"," Harlingen"
"B1014A","LDA",200,"Frisian Shipyard Welgelegen bv"," Harlingen"
"B1014F","LDF",200,"Frisian Shipyard Welgelegen bv"," Harlingen"
"B1015A","LDA",200,"De Biesbosch Dordrecht bv"," Dordrecht"
"B1015F","LDF",200,"De Biesbosch Dordrecht bv"," Dordrecht"
"B1016A","LDA",155,"Scheepswerf Visser bv"," Den Helder"
"B1016F","LDF",155,"Scheepswerf Visser bv"," Den Helder"
"B1017A","LDA",190,"Johan Dane bv"," Krimpen a/d Lek"
"B1017F","LDF",190,"Johan Dane bv"," Krimpen a/d Lek"
"B1018A","LDA",220,"Dutch Shipbuilding Service BV"," Ridderkerk"
"B1019A","LDA",155,"Scheepswerf Visser bv"," Den Helder"
"B1019F","LDF",155,"Scheepswerf Visser bv"," Den Helder"
"B1020A","LDA",155,"Scheepswerf Visser bv"," Den Helder"
"B1020F","LDF",155,"Scheepswerf Visser bv"," Den Helder"
"B1021A","LDA",220,"Onbekend",
"B1022A","LDA",125,"Exalto bv"," Hardinxveld-Giessendam"
"B1022F","LDF",125,"Exalto bv"," Hardinxveld-Giessendam"
"B1023A","LDA",125,"Exalto bv"," Hardinxveld-Giessendam"
"B1023F","LDF",125,"Exalto bv"," Hardinxveld-Giessendam"
"B1024F","LDF",125,"Onbekend",
"B1025F","LDF",125,"Harding Verft (Norway)",
"B1026A","LDA",200,"Machinefabriek De Waal B.V."," Werkendam"
"B1026F","LDF",200,"Machinefabriek De Waal B.V."," Werkendam"
"B1027A","LDA",200,"Machinefabriek De Waal B.V."," Werkendam"
"B1027F","LDF",200,"Machinefabriek De Waal B.V."," Werkendam"
"B1028A","LDA",260,"Johan Dane bv"," Krimpen a/d Lek"
"B1028F","LDF",260,"Johan Dane bv"," Krimpen a/d Lek"
"B1029A","LDA",155,"Scheepswerf Visser bv"," Den Helder"
"B1029F","LDF",155,"Scheepswerf Visser bv"," Den Helder"
"B1030A","LDA",155,"Scheepswerf Visser bv"," Den Helder"
"B1030F","LDF",155,"Scheepswerf Visser bv"," Den Helder"
"B1031A","LDA",220,"Machinefabriek Dolderman bv"," Dordrecht"
"B1031F","LDF",220,"Machinefabriek Dolderman bv"," Dordrecht"
"B1032A","LDA",200,"Shipdock Amsterdam bv"," Amsterdam"
"B1033A","LDA",200,"Shipdock Amsterdam bv"," Amsterdam"
"B1034A","LDA",220,"Bayens B.V."," Raamsdonksveer"
"B1034F","LDF",220,"Bayens B.V."," Raamsdonksveer"
"B1035A","LDA",155,"Scheepswerf Visser bv"," Den Helder"
"B1035F","LDF",155,"Scheepswerf Visser bv"," Den Helder"
"B1036A","LDA",125,"Exalto bv"," Hardinxveld-Giessendam"
"B1036F","LDF",125,"Exalto bv"," Hardinxveld-Giessendam"
"B1037A","LDA",125,"Exalto bv"," Hardinxveld-Giessendam"
"B1037F","LDF",125,"Exalto bv"," Hardinxveld-Giessendam"
"B1038A","LDA",220,"Bayens B.V."," Raamsdonksveer"
"B1038F","LDF",220,"Bayens B.V."," Raamsdonksveer"
"B1039A","LDA",125,"Exalto bv"," Hardinxveld-Giessendam"
"B1039F","LDF",125,"Exalto bv"," Hardinxveld-Giessendam"
"B1040A","LDA",125,"Exalto bv"," Hardinxveld-Giessendam"
"B1040F","LDF",125,"Exalto bv"," Hardinxveld-Giessendam"
"B1041A","LDA",125,"Exalto bv"," Hardinxveld-Giessendam"
"B1041F","LDF",125,"Exalto bv"," Hardinxveld-Giessendam"
"B1042A","LDA",125,"Exalto bv"," Hardinxveld-Giessendam"
"B1042F","LDF",125,"Exalto bv"," Hardinxveld-Giessendam"
"B1043A","LDA",125,"Exalto bv"," Hardinxveld-Giessendam"
"B1043F","LDF",125,"Exalto bv"," Hardinxveld-Giessendam"
"B1044A","LDA",125,"Exalto bv"," Hardinxveld-Giessendam"
"B1044F","LDF",125,"Exalto bv"," Hardinxveld-Giessendam"
"B1045A","LDA",220,"Bayens B.V."," Raamsdonksveer"
"B1045F","LDF",220,"Bayens B.V."," Raamsdonksveer"
"B1046A","LDA",220,"Damen",
"B1046F","LDF",220,"Damen",
"B1047A","LDA",125,"Onbekend",
"B1047F","LDF",125,"Onbekend",
"B1048A","LDA",125,"Onbekend",
"B1048F","LDF",125,"Onbekend",
"B1049A","LDA",220,"Bayens B.V."," Raamsdonksveer"
"B1049F","LDF",220,"Bayens B.V."," Raamsdonksveer"
"B1051A","LDA",200,"Machinefabriek De Waal B.V."," Werkendam"
"B1051F","LDF",200,"Machinefabriek De Waal B.V."," Werkendam"
"B1052A","LDA",200,"Plocka Stockznia Rzecna",
"B1052F","LDF",200,"Plocka Stockznia Rzecna",
"B1053A","LDA",220,"Jakob Cuijk B.V."," Cuijk"
"B1053F","LDF",200,"Jakob Cuijk B.V."," Cuijk"
"B1054A","LDA",200,"Hoop International Lobith B.V."," Lobith"
"B1054F","LDF",200,"Hoop International Lobith B.V."," Lobith"
"B1055F","LDF",200,"Bayens B.V."," Raamsdonksveer"
"B1056F","LDF",125,"Osterby Bjuteri AB"," Osterbybruk"
"B1057F","LDF",125,"Osterby Bjuteri AB"," Osterbybruk"
"B1058A","LDA",200,"Bayens B.V."," Raamsdonksveer"
"B1058F","LDF",200,"Bayens B.V."," Raamsdonksveer"
"B1059A","LDA",155,"Machinefabriek Dolderman bv"," Dordrecht"
"B1060A","LDA",220,"Machinefabriek Dolderman bv"," Dordrecht"
"B1060F","LDF",220,"Machinefabriek Dolderman bv"," Dordrecht"
"B1061A","LDA",190,"Scheepswerf Metz BV",
"B1061F","LDF",190,"Scheepswerf Metz BV",
"B1062A","LDA",155,"Scheepswerf Visser bv"," Den Helder"
"B1062F","LDF",155,"Scheepswerf Visser bv"," Den Helder"
"B1063A","LDA",155,"Scheepswerf Visser bv"," Den Helder"
"B1063F","LDF",155,"Scheepswerf Visser bv"," Den Helder"
"B1064A","LDA",200,"Machinefabriek De Waal B.V."," Werkendam"
"B1064F","LDF",200,"Machinefabriek De Waal B.V."," Werkendam"
"B1065A","LDA",140,"Onbekend",
"B1066A","LDA",140,"Onbekend",
"B1067F","LDF",125,"Onbekend",
"B1068A","LDA",155,"Onbekend",
"B1068F","LDF",140,"Promac BV"," Zaltbommel"
"B1069A","LDA",155,"Promac BV"," Zaltbommel"
"B1069F","LDF",140,"Promac BV"," Zaltbommel"
"B1070F","LDF",220,"Machinefabriek Dolderman bv"," Dordrecht"
"B1071A","LDA",220,"Machinefabriek Dolderman bv"," Dordrecht"
"B1071F","LDF",220,"Machinefabriek Dolderman bv"," Dordrecht"
"B1072A","LDA",220,"Machinefabriek De Waal B.V."," Werkendam"
"B1072F","LDF",220,"Machinefabriek De Waal B.V."," Werkendam"
"B1073A","LDA",220,"Machinefabriek Dolderman bv"," Dordrecht"
"B1073F","LDF",220,"Machinefabriek Dolderman bv"," Dordrecht"
"B1074F","LDF",200,"Schiffswerft Hans Boost KG"," Trier"
"B1075A","LDA",220,"Schiffswerft Hans Boost KG"," Trier"
"B1075F","LDF",200,"Schiffswerft Hans Boost KG"," Trier"
"B1076A","LDA",200,"Schiffswerft Hans Boost KG"," Trier"
"B1076F","LDF",190,"Schiffswerft Hans Boost KG"," Trier"
"B1077A","LDA",190,"Machinefabriek Dolderman bv"," Dordrecht"
"B1077F","LDF",190,"Machinefabriek Dolderman bv"," Dordrecht"
"B1078A","LDA",125,"Padmos BV"," Stellendam"
"B1078F","LDF",125,"Padmos BV"," Stellendam"
"B1079A","LDA",140,"Den Breejen bv"," Hardinxveld-Giessendam"
"B1079F","LDF",140,"Den Breejen bv"," Hardinxveld-Giessendam"
"B1080A","LDA",200,"Navtec V.o.F."," Nieuwendijk"
"B1080F","LDF",200,"Navtec V.o.F."," Nieuwendijk"
"B1081A","LDA",200,"Navtec V.o.F."," Nieuwendijk"
"B1081F","LDF",200,"Navtec V.o.F."," Nieuwendijk"
"B1082A","LDA",190,"van der Giessen - de Noord bv"," Alblasserdam"
"B1082F","LDF",190,"van der Giessen - de Noord bv"," Alblasserdam"
"B1083F","LDF",125,"Nylands Marine Service A.S."," Faervik"
"B1084A","LDA",190,"Scheepswerf & Machinefabriek Hardinxveld",
"B1084F","LDF",190,"Scheepswerf & Machinefabriek Hardinxveld",
"B1085F","LDF",140,"Uusikaupunki Shipyard",
"B1086F","LDF",140,"Uusikaupunki Shipyard",
"B1087A","LDA",155,"P.Groenendijk"," Papendrecht"
"B1087F","LDF",155,"P.Groenendijk"," Papendrecht"
"B1088A","LDA",220,"Onbekend",
"B1088F","LDF",220,"Onbekend",
"B1089A","LDA",200,"Bayens B.V."," Raamsdonksveer"
"B1089F","LDF",200,"Bayens B.V."," Raamsdonksveer"
"B1090F","LDF",155,"Uudenkaupungin Tyvene Oy"," Uusikaupunki"
"B1091F","LDF",155,"Uudenkaupungin Tyvene Oy"," Uusikaupunki"
"B1092F","LDF",220,"B.V. Scheepswerf en Machinefab. Vahali"," Gendt"
"B1093A","LDA",190,"Gebr. Kooiman bv"," Zwijndrecht"
"B1093F","LDF",190,"Gebr. Kooiman bv"," Zwijndrecht"
"B1094A","LDA",190,"Gebr. Kooiman bv"," Zwijndrecht"
"B1094F","LDF",190,"Gebr. Kooiman bv"," Zwijndrecht"
"B1095A","LDA",200,"Oranjewerf Amsterdam bv"," Amsterdam"
"B1096A","LDA",200,"Padmos BV"," Stellendam"
"B1097A","LDA",220,"Onbekend",
"B1098A","LDA",220,"Onbekend",
"B1099F","LDF",140,"Promac BV"," Zaltbommel"
"B1100A","LDA",110,"Scheepswerf Metz bv"," Urk"
"B1100F","LDF",110,"Scheepswerf Metz bv"," Urk"
"B1101A","LDA",110,"Scheepswerf Metz bv"," Urk"
"B1101F","LDF",110,"Scheepswerf Metz bv"," Urk"
"B1102A","LDA",190,"Bayens B.V."," Raamsdonksveer"
"B1102F","LDF",190,"Bayens B.V."," Raamsdonksveer"
"B1103A","LDA",220,"Onbekend",
"B1103F","LDF",220,"Onbekend",
"B1104A","LDA",220,"Onbekend",
"B1104F","LDF",220,"Onbekend",
"B1105A","LDA",170,"Grumsen's Maskinfabrik a/s"," Esbjerg"
"B1106A","LDA",170,"Grumsen's Maskinfabrik a/s"," Esbjerg"
"B1107A","LDA",170,"Scheepswerf Visser bv"," Den Helder"
"B1107F","LDF",170,"Scheepswerf Visser bv"," Den Helder"
"B1108A","LDA",170,"Scheepswerf Visser bv"," Den Helder"
"B1108F","LDF",170,"Scheepswerf Visser bv"," Den Helder"
"B1109F","LDF",125,"Exalto bv"," Hardinxveld-Giessendam"
"B1110A","LDA",200,"Navtec V.o.F."," Nieuwendijk"
"B1110F","LDF",200,"Navtec V.o.F."," Nieuwendijk"
"B1111A","LDA",125,"Brodo Split"," Split"
"B1112A","LDA",220,"Onbekend",
"B1113A","LDA",220,"Onbekend",
"B1114A","LDA",200,"Metaaldraaierij Sepers bv"," Heerewaarden"
"B1114F","LDF",200,"Metaaldraaierij Sepers bv"," Heerewaarden"
"B1115A","LDA",220,"Onbekend",
"B1116A","LDA",220,"Onbekend",
"B1117A","LDA",220,"Bodewes Binnenvaart bv"," Millingen a/d Rijn"
"B1117F","LDF",220,"Bodewes Binnenvaart bv"," Millingen a/d Rijn"
"B1118A","LDA",140,"ABG",
"B1118F","LDF",140,"ABG",
"B1119A","LDA",190,"Bayens B.V."," Raamsdonksveer"
"B1119F","LDF",190,"Bayens B.V."," Raamsdonksveer"
"B1120A","LDA",220,"Onbekend",
"B1121A","LDA",220,"Onbekend",
"B1122A","LDA",200,"Metaaldraaierij Sepers bv"," Heerewaarden"
"B1122F","LDF",200,"Metaaldraaierij Sepers bv"," Heerewaarden"
"B1123A","LDA",140,"ABG",
"B1123F","LDF",140,"ABG",
"B1124A","LDA",200,"Bayens B.V."," Raamsdonksveer"
"B1124F","LDF",200,"Bayens B.V."," Raamsdonksveer"
"B1125A","LDA",110,"Teignbridge Propellers Ned. bv"," Gorinchem"
"B1126A","LDA",110,"Teignbridge Propellers Ned. bv"," Gorinchem"
"B1127A","LDA",170,"Van Duyvendijk BV"," Krimpen aan den IJssel"
"B1127F","LDF",170,"Van Duyvendijk BV"," Krimpen aan den IJssel"
"B1128A","LDA",170,"Van Duyvendijk BV"," Krimpen aan den IJssel"
"B1128F","LDF",170,"Van Duyvendijk BV"," Krimpen aan den IJssel"
"B1129A","LDA",155,"Bayens B.V."," Raamsdonksveer"
"B1129F","LDF",155,"Bayens B.V."," Raamsdonksveer"
"B1130A","LDA",140,"ABG",
"B1130F","LDF",140,"ABG",
"B1131A","LDA",140,"ABG",
"B1131F","LDF",140,"ABG",
"B1132A","LDA",155,"Onbekend",
"B1132F","LDF",155,"Onbekend",
"B1133A","LDA",155,"Onbekend",
"B1133F","LDF",155,"Onbekend",
"B1134A","LDA",110,"Exalto bv"," Hardinxveld-Giessendam"
"B1134F","LDF",110,"Exalto bv"," Hardinxveld-Giessendam"
"B1135A","LDA",110,"Exalto bv"," Hardinxveld-Giessendam"
"B1135F","LDF",110,"Exalto bv"," Hardinxveld-Giessendam"
"B1136A","LDA",220,"Metaaldraaierij Sepers bv"," Heerewaarden"
"B1136F","LDF",220,"Metaaldraaierij Sepers bv"," Heerewaarden"
"B1137A","LDA",110,"Scheepswerven Bocxe"," Delft"
"B1137F","LDF",110,"Scheepswerven Bocxe"," Delft"
"B1138A","LDA",125,"Exalto bv"," Hardinxveld-Giessendam"
"B1138F","LDF",125,"Exalto bv"," Hardinxveld-Giessendam"
"B1139A","LDA",125,"Exalto bv"," Hardinxveld-Giessendam"
"B1139F","LDF",125,"Exalto bv"," Hardinxveld-Giessendam"
"B1140A","LDA",170,"Ilya Boyadzhiev Shipyard",
"B1140F","LDF",170,"Ilya Boyadzhiev Shipyard",
"B1141A","LDA",170,"Ilya Boyadzhiev Shipyard",
"B1141F","LDF",170,"Ilya Boyadzhiev Shipyard",
"B1142A","LDA",220,"Onbekend",
"B1143A","LDA",220,"Onbekend",
"B1144A","LDA",200,"Onbekend",
"B1144F","LDF",200,"Bayens B.V."," Raamsdonksveer"
"B1145A","LDA",200,"Bayens B.V."," Raamsdonksveer"
"B1145F","LDF",200,"Bayens B.V."," Raamsdonksveer"
"B1146A","LDA",155,"Exalto bv"," Hardinxveld-Giessendam"
"B1146F","LDF",155,"Den Breejen bv"," Hardinxveld-Giessendam"
"B1147A","LDA",155,"Exalto bv"," Hardinxveld-Giessendam"
"B1147F","LDF",155,"Exalto bv"," Hardinxveld-Giessendam"
"B1148A","LDA",220,"Metaaldraaierij Sepers bv"," Heerewaarden"
"B1148F","LDF",220,"Metaaldraaierij Sepers bv"," Heerewaarden"
"B1149A","LDA",200,"Metaaldraaierij Sepers bv"," Heerewaarden"
"B1149F","LDF",220,"Metaaldraaierij Sepers bv"," Heerewaarden"
"B1150A","LDA",140,"Korsor Motor- og Propellerfabrik A/S",
"B1150F","LDF",140,"Korsor Motor- og Propellerfabrik A/S",
"B1151A","LDA",140,"Korsor Motor- og Propellerfabrik A/S",
"B1151F","LDF",140,"Korsor Motor- og Propellerfabrik A/S",
"B1152A","LDA",140,"Korsor Motor- og Propellerfabrik A/S",
"B1152F","LDF",140,"Korsor Motor- og Propellerfabrik A/S",
"B1153A","LDA",140,"Korsor Motor- og Propellerfabrik A/S",
"B1153F","LDF",140,"Korsor Motor- og Propellerfabrik A/S",
"B1154A","LDA",140,"Korsor Motor- og Propellerfabrik A/S",
"B1154F","LDF",140,"Korsor Motor- og Propellerfabrik A/S",
"B1155A","LDA",140,"Korsor Motor- og Propellerfabrik A/S",
"B1155F","LDF",140,"Korsor Motor- og Propellerfabrik A/S",
"B1156A","LDA",140,"Korsor Motor- og Propellerfabrik A/S",
"B1156F","LDF",140,"Korsor Motor- og Propellerfabrik A/S",
"B1157A","LDA",140,"Korsor Motor- og Propellerfabrik A/S",
"B1157F","LDF",140,"Korsor Motor- og Propellerfabrik A/S",
"B1158A","LDA",125,"Korsor Motor- og Propellerfabrik A/S",
"B1158F","LDF",125,"Korsor Motor- og Propellerfabrik A/S",
"B1159A","LDA",125,"Korsor Motor- og Propellerfabrik A/S",
"B1159F","LDF",125,"Korsor Motor- og Propellerfabrik A/S",
"B1160A","LDA",125,"Korsor Motor- og Propellerfabrik A/S",
"B1160F","LDF",125,"Korsor Motor- og Propellerfabrik A/S",
"B1161A","LDA",125,"Korsor Motor- og Propellerfabrik A/S",
"B1161F","LDF",125,"Korsor Motor- og Propellerfabrik A/S",
"B1162A","LDA",125,"Korsor Motor- og Propellerfabrik A/S",
"B1162F","LDF",125,"Korsor Motor- og Propellerfabrik A/S",
"B1163A","LDA",125,"Korsor Motor- og Propellerfabrik A/S",
"B1163F","LDF",125,"Korsor Motor- og Propellerfabrik A/S",
"B1164A","LDA",125,"Korsor Motor- og Propellerfabrik A/S",
"B1164F","LDF",125,"Korsor Motor- og Propellerfabrik A/S",
"B1165A","LDA",125,"Korsor Motor- og Propellerfabrik A/S",
"B1165F","LDF",125,"Korsor Motor- og Propellerfabrik A/S",
"B1166A","LDA",140,"Korsor Motor- og Propellerfabrik A/S",
"B1166F","LDF",140,"Korsor Motor- og Propellerfabrik A/S",
"B1167A","LDA",140,"Korsor Motor- og Propellerfabrik A/S",
"B1167F","LDF",140,"Korsor Motor- og Propellerfabrik A/S",
"B1168A","LDA",140,"Korsor Motor- og Propellerfabrik A/S",
"B1168F","LDF",140,"Korsor Motor- og Propellerfabrik A/S",
"B1169A","LDA",140,"Korsor Motor- og Propellerfabrik A/S",
"B1169F","LDF",140,"Korsor Motor- og Propellerfabrik A/S",
"B1170A","LDA",140,"Korsor Motor- og Propellerfabrik A/S",
"B1170F","LDF",140,"Korsor Motor- og Propellerfabrik A/S",
"B1171A","LDA",140,"Korsor Motor- og Propellerfabrik A/S",
"B1171F","LDF",140,"Korsor Motor- og Propellerfabrik A/S",
"B1172A","LDA",140,"Korsor Motor- og Propellerfabrik A/S",
"B1172F","LDF",140,"Korsor Motor- og Propellerfabrik A/S",
"B1173A","LDA",140,"Korsor Motor- og Propellerfabrik A/S",
"B1173F","LDF",140,"Korsor Motor- og Propellerfabrik A/S",
"B1174A","LDA",125,"Korsor Motor- og Propellerfabrik A/S",
"B1174F","LDF",125,"Korsor Motor- og Propellerfabrik A/S",
"B1175A","LDA",125,"Korsor Motor- og Propellerfabrik A/S",
"B1175F","LDF",125,"Korsor Motor- og Propellerfabrik A/S",
"B1176A","LDA",125,"Korsor Motor- og Propellerfabrik A/S",
"B1176F","LDF",125,"Korsor Motor- og Propellerfabrik A/S",
"B1177A","LDA",125,"Korsor Motor- og Propellerfabrik A/S",
"B1177F","LDF",125,"Korsor Motor- og Propellerfabrik A/S",
"B1178A","LDA",125,"Korsor Motor- og Propellerfabrik A/S",
"B1178F","LDF",125,"Korsor Motor- og Propellerfabrik A/S",
"B1179A","LDA",125,"Korsor Motor- og Propellerfabrik A/S",
"B1179F","LDF",125,"Korsor Motor- og Propellerfabrik A/S",
"B1180A","LDA",125,"Korsor Motor- og Propellerfabrik A/S",
"B1180F","LDF",125,"Korsor Motor- og Propellerfabrik A/S",
"B1181A","LDA",125,"Korsor Motor- og Propellerfabrik A/S",
"B1181F","LDF",125,"Korsor Motor- og Propellerfabrik A/S",
"B1182A","LDA",140,"Van Lent",
"B1182F","LDF",140,"Van Lent",
"B1183A","LDA",140,"Van Lent",
"B1183F","LDF",140,"Van Lent",
"B1184A","LDA",110,"Exalto bv"," Hardinxveld-Giessendam"
"B1184F","LDF",110,"Exalto bv"," Hardinxveld-Giessendam"
"B1185A","LDA",110,"Exalto bv"," Hardinxveld-Giessendam"
"B1185F","LDF",110,"Exalto bv"," Hardinxveld-Giessendam"
"B1186A","LDA",140,"Van Lent",
"B1186F","LDF",140,"Van Lent",
"B1187A","LDA",140,"Van Lent",
"B1187F","LDF",140,"Van Lent",
"B1188A","LDA",155,"IHC HOLLAND NV"," Sliedrecht"
"B1189A","LDA",110,"Onbekend",
"B1190A","LDA",110,"Onbekend",
"B1191A","LDA",190,"Machinefabriek Dolderman bv"," Dordrecht"
"B1191F","LDF",190,"Machinefabriek Dolderman bv"," Dordrecht"
"B1192A","LDA",190,"Machinefabriek Dolderman bv"," Dordrecht"
"B1192F","LDF",190,"Machinefabriek Dolderman bv"," Dordrecht"
"B1193A","LDA",190,"Vink Diesel B.V."," Sliedrecht"
"B1193F","LDF",190,"Vink Diesel B.V."," Sliedrecht"
"B1195A","LDA",220,"Onbekend",
"B1196A","LDA",110,"Onbekend",
"B1197A","LDA",110,"Onbekend",
"B1198A","LDA",140,"GIO EXPORT IMPORT"," Pula"
"B1198F","LDF",140,"GIO EXPORT IMPORT"," Pula"
"B1199A","LDA",140,"GIO EXPORT IMPORT"," Pula"
"B1199F","LDF",140,"GIO EXPORT IMPORT"," Pula"
"B1200A","LDA",220,"Machinefabriek Dolderman bv"," Dordrecht"
"B1200F","LDF",220,"Machinefabriek Dolderman bv"," Dordrecht"
"B1201A","LDA",220,"Machinefabriek Dolderman bv"," Dordrecht"
"B1202A","LDA",220,"Machinefabriek Dolderman bv"," Dordrecht"
"B1202F","LDF",220,"Machinefabriek Dolderman bv"," Dordrecht"
"B1203A","LDA",220,"Machinefabriek Bolier bv"," Dordrecht"
"B1204A","LDA",190,"Machinefabriek De Waal B.V."," Werkendam"
"B1204F","LDF",190,"Machinefabriek De Waal B.V."," Werkendam"
"B1205A","LDA",190,"Machinefabriek De Waal B.V."," Werkendam"
"B1205F","LDF",190,"Machinefabriek De Waal B.V."," Werkendam"
"B1206A","LDA",110,"Exalto bv"," Hardinxveld-Giessendam"
"B1206F","LDF",110,"Exalto bv"," Hardinxveld-Giessendam"
"B1207A","LDA",110,"Exalto bv"," Hardinxveld-Giessendam"
"B1207F","LDF",110,"Exalto bv"," Hardinxveld-Giessendam"
"B1208A","LDA",110,"Exalto bv"," Hardinxveld-Giessendam"
"B1208F","LDF",110,"Exalto bv"," Hardinxveld-Giessendam"
"B1209A","LDA",110,"Exalto bv"," Hardinxveld-Giessendam"
"B1209F","LDF",110,"Exalto bv"," Hardinxveld-Giessendam"
"B1210A","LDA",220,"Metaaldraaierij Sepers bv"," Heerewaarden"
"B1210F","LDF",220,"Metaaldraaierij Sepers bv"," Heerewaarden"
"B1211A","LDA",125,"Hundested Propeller A/S"," Hundested"
"B1211F","LDF",125,"Hundested Propeller A/S"," Hundested"
"B1212A","LDA",125,"Hundested Propeller A/S"," Hundested"
"B1212F","LDF",125,"Hundested Propeller A/S"," Hundested"
"B1213A","LDA",125,"Hundested Propeller A/S"," Hundested"
"B1213F","LDF",125,"Hundested Propeller A/S"," Hundested"
"B1214A","LDA",125,"Hundested Propeller A/S"," Hundested"
"B1214F","LDF",125,"Hundested Propeller A/S"," Hundested"
"B1215A","LDA",125,"Hundested Propeller A/S"," Hundested"
"B1215F","LDF",125,"Hundested Propeller A/S"," Hundested"
"B1216A","LDA",125,"Hundested Propeller A/S"," Hundested"
"B1216F","LDF",125,"Hundested Propeller A/S"," Hundested"
"B1217A","LDA",125,"Hundested Propeller A/S"," Hundested"
"B1217F","LDF",125,"Hundested Propeller A/S"," Hundested"
"B1218A","LDA",125,"Hundested Propeller A/S"," Hundested"
"B1218F","LDF",125,"Hundested Propeller A/S"," Hundested"
"B1219A","LDA",125,"Hundested Propeller A/S"," Hundested"
"B1219F","LDF",125,"Hundested Propeller A/S"," Hundested"
"B1220A","LDA",125,"Hundested Propeller A/S"," Hundested"
"B1220F","LDF",125,"Hundested Propeller A/S"," Hundested"
"B1221A","LDA",125,"Hundested Propeller A/S"," Hundested"
"B1221F","LDF",125,"Hundested Propeller A/S"," Hundested"
"B1222A","LDA",125,"Hundested Propeller A/S"," Hundested"
"B1222F","LDF",125,"Hundested Propeller A/S"," Hundested"
"B1223A","LDA",140,"Gebr. Kooiman bv"," Zwijndrecht"
"B1223F","LDF",140,"Gebr. Kooiman bv"," Zwijndrecht"
"B1224A","LDA",140,"Gebr. Kooiman bv"," Zwijndrecht"
"B1224F","LDF",140,"Gebr. Kooiman bv"," Zwijndrecht"
"B1225A","LDA",140,"Gebr. Kooiman bv"," Zwijndrecht"
"B1225F","LDF",140,"Gebr. Kooiman bv"," Zwijndrecht"
"B1226A","LDA",140,"Gebr. Kooiman bv"," Zwijndrecht"
"B1226F","LDF",140,"Gebr. Kooiman bv"," Zwijndrecht"
"B1227A","LDA",200,"Schiffswerft Schlmer GmbH & Co. KG"," Leer"
"B1227F","LDF",190,"Schiffswerft Schlmer GmbH & Co. KG"," Leer"
"B1228A","LDA",200,"Den Breejen bv"," Hardinxveld-Giessendam"
"B1228F","LDF",200,"Den Breejen bv"," Hardinxveld-Giessendam"
"B1229A","LDA",200,"Den Breejen bv"," Hardinxveld-Giessendam"
"B1229F","LDF",200,"Den Breejen bv"," Hardinxveld-Giessendam"
"B1230A","LDA",155,"Scheepswerf Brouwer"," Zaandam"
"B1230F","LDF",140,"Scheepswerf Brouwer"," Zaandam"
"B1231A","LDA",170,"Rubber Design b.v."," Heerjansdam"
"B1232A","LDA",170,"Rubber Design b.v."," Heerjansdam"
"B1233A","LDA",125,"Nederlof Scheepsbouw"," Geertruidenberg"
"B1233F","LDF",110,"Nederlof Scheepsbouw"," Geertruidenberg"
"B1234A","LDA",110,"Van Voorden B.V."," Zaltbommel"
"B1235A","LDA",220,"Bayens B.V."," Raamsdonksveer"
"B1235F","LDF",220,"Bayens B.V."," Raamsdonksveer"
"B1236A","LDA",220,"Onbekend",
"B1237A","LDA",140,"Berg Propulsion AB"," cker"
"B1238A","LDA",220,"Machinefabriek Dolderman bv"," Dordrecht"
"B1239A","LDA",200,"Bodewes Binnenvaart bv"," Millingen a/d Rijn"
"B1239F","LDF",190,"Bodewes Binnenvaart bv"," Millingen a/d Rijn"
"B1240A","LDA",110,"Exalto bv"," Hardinxveld-Giessendam"
"B1240F","LDF",110,"Exalto bv"," Hardinxveld-Giessendam"
"B1241A","LDA",190,"Hundested Propeller A/S"," Hundested"
"B1241F","LDF",190,"Hundested Propeller A/S"," Hundested"
"B1242A","LDA",190,"Hundested Propeller A/S"," Hundested"
"B1242F","LDF",190,"Hundested Propeller A/S"," Hundested"
"B1243A","LDA",190,"Hundested Propeller A/S"," Hundested"
"B1243F","LDF",190,"Hundested Propeller A/S"," Hundested"
"B1244A","LDA",220,"Onbekend",
"B1245A","LDA",220,"Onbekend",
"B1246F","LDF",110,"Therkildsen Marine ApS"," Espergrde"
"B1247F","LDF",110,"Therkildsen Marine ApS"," Espergrde"
"B1248A","LDA",200,"Den Breejen bv"," Hardinxveld-Giessendam"
"B1248F","LDF",200,"Den Breejen bv"," Hardinxveld-Giessendam"
"B1249A","LDA",140,"Rubber Design b.v."," Heerjansdam"
"B1250A","LDA",140,"Rubber Design b.v."," Heerjansdam"
"B1251A","LDA",190,"De Biesbosch Dordrecht bv"," Dordrecht"
"B1251F","LDF",170,"De Biesbosch Dordrecht bv"," Dordrecht"
"B1252A","LDA",190,"De Biesbosch Dordrecht bv"," Dordrecht"
"B1252F","LDF",170,"De Biesbosch Dordrecht bv"," Dordrecht"
"B1253A","LDA",190,"De Biesbosch Dordrecht bv"," Dordrecht"
"B1253F","LDF",170,"De Biesbosch Dordrecht bv"," Dordrecht"
"B1254A","LDA",190,"De Biesbosch Dordrecht bv"," Dordrecht"
"B1254F","LDF",170,"De Biesbosch Dordrecht bv"," Dordrecht"
"B1255F","LDF",260,"Onbekend",
"B1256A","LDA",140,"Gebr. Kooiman bv"," Zwijndrecht"
"B1256F","LDF",140,"Gebr. Kooiman bv"," Zwijndrecht"
"B1257A","LDA",140,"Gebr. Kooiman bv"," Zwijndrecht"
"B1257F","LDF",140,"Gebr. Kooiman bv"," Zwijndrecht"
"B1258A","LDA",140,"Gebr. Kooiman bv"," Zwijndrecht"
"B1258F","LDF",140,"Gebr. Kooiman bv"," Zwijndrecht"
"B1259A","LDA",140,"Gebr. Kooiman bv"," Zwijndrecht"
"B1259F","LDF",140,"Gebr. Kooiman bv"," Zwijndrecht"
"B1260A","LDA",200,"Bayens B.V."," Raamsdonksveer"
"B1260F","LDF",200,"Bayens B.V."," Raamsdonksveer"
"B1261A","LDA",190,"Exalto bv"," Hardinxveld-Giessendam"
"B1261F","LDF",190,"Exalto bv"," Hardinxveld-Giessendam"
"B1262A","LDA",190,"Exalto bv"," Hardinxveld-Giessendam"
"B1262F","LDF",190,"Exalto bv"," Hardinxveld-Giessendam"
"B1263A","LDA",190,"Exalto bv"," Hardinxveld-Giessendam"
"B1263F","LDF",190,"Exalto bv"," Hardinxveld-Giessendam"
"B1264A","LDA",190,"Exalto bv"," Hardinxveld-Giessendam"
"B1264F","LDF",190,"Exalto bv"," Hardinxveld-Giessendam"
"B1265A","LDA",190,"Exalto bv"," Hardinxveld-Giessendam"
"B1265F","LDF",190,"Exalto bv"," Hardinxveld-Giessendam"
"B1266A","LDA",220,"Bodewes Binnenvaart bv"," Millingen a/d Rijn"
"B1266F","LDF",220,"Bodewes Binnenvaart bv"," Millingen a/d Rijn"
"B1267A","LDA",190,"Exalto bv"," Hardinxveld-Giessendam"
"B1267F","LDF",190,"Exalto bv"," Hardinxveld-Giessendam"
"B1268A","LDA",220,"Bayens B.V."," Raamsdonksveer"
"B1268F","LDF",220,"Bayens B.V."," Raamsdonksveer"
"B1269A","LDA",220,"Bayens B.V."," Raamsdonksveer"
"B1269F","LDF",220,"Bayens B.V."," Raamsdonksveer"
"B1270A","LDA",125,"Gebr. Kooiman bv"," Zwijndrecht"
"B1270F","LDF",125,"Gebr. Kooiman bv"," Zwijndrecht"
"B1271A","LDA",125,"Gebr. Kooiman bv"," Zwijndrecht"
"B1271F","LDF",125,"Gebr. Kooiman bv"," Zwijndrecht"
"B1272A","LDA",110,"Exalto bv"," Hardinxveld-Giessendam"
"B1272F","LDF",110,"Exalto bv"," Hardinxveld-Giessendam"
"B1273A","LDA",110,"Exalto bv"," Hardinxveld-Giessendam"
"B1273F","LDF",110,"Exalto bv"," Hardinxveld-Giessendam"
"B1274F","LDF",125,"Maaskant Shipyard"," Bruinisse"
"B1275F","LDF",125,"Maaskant Shipyard"," Bruinisse"
"B1276A","LDA",190,"Otto Piening GmbH"," Glckstadt"
"B1276F","LDF",170,"Otto Piening GmbH"," Glckstadt"
"B1277A","LDA",200,"Den Breejen bv"," Hardinxveld-Giessendam"
"B1277F","LDF",200,"Den Breejen bv"," Hardinxveld-Giessendam"
"B1278A","LDA",170,"Van Duyvendijk BV"," Krimpen aan den IJssel"
"B1278F","LDF",170,"Van Duyvendijk BV"," Krimpen aan den IJssel"
"B1279A","LDA",170,"Rubber Design b.v."," Heerjansdam"
"B1280A","LDA",170,"Rubber Design b.v."," Heerjansdam"
"B1281A","LDA",170,"Rubber Design b.v."," Heerjansdam"
"B1282A","LDA",170,"Rubber Design b.v."," Heerjansdam"
"B1283A","LDA",170,"Scheepsdiesel Renaud",
"B1283F","LDF",170,"Scheepsdiesel Renaud",
"B1284A","LDA",110,"Damen Shipyards bv"," Hardinxveld"
"B1284F","LDF",110,"Damen Shipyards bv"," Hardinxveld"
"B1285A","LDA",110,"Damen Shipyards bv"," Hardinxveld"
"B1285F","LDF",110,"Damen Shipyards bv"," Hardinxveld"
"B1286A","LDA",140,"Berg Propulsion AB"," cker"
"B1287F","LDF",155,"Hermanos Alfaro"," S.L."
"B1288A","LDA",110,"Machinefabriek De Greuns B.V."," Leeuwarden"
"B1288F","LDF",110,"Machinefabriek De Greuns B.V."," Leeuwarden"
"B1289A","LDA",110,"Machinefabriek De Greuns B.V."," Leeuwarden"
"B1289F","LDF",110,"Machinefabriek De Greuns B.V."," Leeuwarden"
"B1290A","LDA",110,"Machinefabriek De Greuns B.V."," Leeuwarden"
"B1290F","LDF",110,"Machinefabriek De Greuns B.V."," Leeuwarden"
"B1291A","LDA",110,"Machinefabriek De Greuns B.V."," Leeuwarden"
"B1291F","LDF",110,"Machinefabriek De Greuns B.V."," Leeuwarden"
"B1292A","LDA",480,"Holland Roer-Propeller bv"," Krimpen aan de Lek"
"B1293A","LDA",240,"Holland Roer-Propeller bv"," Krimpen aan de Lek"
"B1294A","LDA",240,"Holland Roer-Propeller bv"," Krimpen aan de Lek"
"B1295A","LDA",240,"Holland Roer-Propeller bv"," Krimpen aan de Lek"
"B1296A","LDA",240,"Holland Roer-Propeller bv"," Krimpen aan de Lek"
"B1297A","LDA",480,"Holland Roer-Propeller bv"," Krimpen aan de Lek"
"B1298A","LDA",480,"Holland Roer-Propeller bv"," Krimpen aan de Lek"
"B1299A","LDA",480,"Holland Roer-Propeller bv"," Krimpen aan de Lek"
"B1300A","LDA",480,"Holland Roer-Propeller bv"," Krimpen aan de Lek"
"B1301A","LDA",220,"Bodewes Binnenvaart bv"," Millingen a/d Rijn"
"B1301F","LDF",220,"Bodewes Binnenvaart bv"," Millingen a/d Rijn"
"B1302A","LDA",220,"Bodewes Binnenvaart bv"," Millingen a/d Rijn"
"B1302F","LDF",220,"Bodewes Binnenvaart bv"," Millingen a/d Rijn"
"B1303A","LDA",220,"Bodewes Binnenvaart bv"," Millingen a/d Rijn"
"B1303F","LDF",220,"Bodewes Binnenvaart bv"," Millingen a/d Rijn"
"B1304A","LDA",220,"Fulton Hemiksem NV"," Hemiksem"
"B1304F","LDF",220,"Fulton Hemiksem NV"," Hemiksem"
"B1305A","LDA",220,"T. Hoogendijk en Zonen BV"," Sliedrecht"
"B1305F","LDF",220,"T. Hoogendijk en Zonen BV"," Sliedrecht"
"B1306F","LDF",170,"Metaaldraaierij Sepers bv"," Heerewaarden"
"B1307A","LDA",240,"Scheepswerf Hoebe bv"," Dordrecht"
"B1307F","LDF",220,"Scheepswerf Hoebe bv"," Dordrecht"
"B1308F","LDF",170,"Hermanos Alfaro"," S.L."
"B1309F","LDF",170,"Hermanos Alfaro"," S.L."
"B1310F","LDF",170,"Hermanos Alfaro"," S.L."
"B1311A","LDA",155,"P&S",
"B1311F","LDF",155,"P&S",
"B1314A","LDA",125,"Sby Motorfabrik & Stalskbisvrft A/S"," Sby"
"B1314F","LDF",125,"Sby Motorfabrik & Stalskbisvrft A/S"," Sby"
"B1315A","LDA",125,"Sby Motorfabrik & Stalskbisvrft A/S"," Sby"
"B1315F","LDF",125,"Sby Motorfabrik & Stalskbisvrft A/S"," Sby"
"B1316A","LDA",170,"Promac BV"," Zaltbommel"
"B1317A","LDA",170,"Promac BV"," Zaltbommel"
"B1318A","LDA",190,"Scheepswerf Worst"," Meppel"
"B1318F","LDF",190,"Scheepswerf Worst"," Meppel"
"B1319A","LDA",220,"Fulton Hemiksem NV"," Hemiksem"
"B1319F","LDF",220,"Fulton Hemiksem NV"," Hemiksem"
"B1320A","LDA",220,"Fulton Hemiksem NV"," Hemiksem"
"B1320F","LDF",220,"Fulton Hemiksem NV"," Hemiksem"
"B1321A","LDA",110,"Van Voorden B.V."," Zaltbommel"
"B1322A","LDA",110,"Van Voorden B.V."," Zaltbommel"
"B1323A","LDA",110,"Van Voorden B.V."," Zaltbommel"
"B1324A","LDA",110,"Van Voorden B.V."," Zaltbommel"
"B1325A","LDA",220,"Padmos BV"," Stellendam"
"B1325F","LDF",220,"Padmos BV"," Stellendam"
"B1326A","LDA",220,"Padmos BV"," Stellendam"
"B1326F","LDF",220,"Padmos BV"," Stellendam"
"B1327F","LDF",170,"Scana Volda as"," Volda"
"B1328F","LDF",170,"Scana Volda as"," Volda"
"B1329F","LDF",170,"Scana Volda as"," Volda"
"B1330F","LDF",170,"Scana Volda as"," Volda"
"B1331A","LDA",220,"Metaaldraaierij Sepers bv"," Heerewaarden"
"B1331F","LDF",220,"Metaaldraaierij Sepers bv"," Heerewaarden"
"B1332A","LDA",200,"Niestern Sander B.V."," Delfzijl"
"B1333A","LDA",200,"Niestern Sander B.V."," Delfzijl"
"B1334A","LDA",240,"Breko BV"," Papendrecht"
"B1334F","LDF",240,"Breko BV"," Papendrecht"
"B1335A","LDA",240,"Breko BV"," Papendrecht"
"B1335F","LDF",240,"Breko BV"," Papendrecht"
"B1336A","LDA",220,"Bodewes Binnenvaart bv"," Millingen a/d Rijn"
"B1336F","LDF",220,"Bodewes Binnenvaart bv"," Millingen a/d Rijn"
"B1337F","LDF",190,"Nieuwe Scheldewerven N.V."," Rupelmonde"
"B1338F","LDF",190,"Nieuwe Scheldewerven N.V."," Rupelmonde"
"B1339A","LDA",110,"Holland Jachtbouw",
"B1339F","LDF",110,"Holland Jachtbouw",
"B1340A","LDA",140,"Gebr. Kooiman bv"," Zwijndrecht"
"B1340F","LDF",140,"Gebr. Kooiman bv"," Zwijndrecht"
"B1341A","LDA",140,"Gebr. Kooiman bv"," Zwijndrecht"
"B1341F","LDF",140,"Gebr. Kooiman bv"," Zwijndrecht"
"B1342A","LDA",190,"Den Breejen bv"," Hardinxveld-Giessendam"
"B1342F","LDF",190,"Den Breejen bv"," Hardinxveld-Giessendam"
"B1343A","LDA",200,"Metaaldraaierij Sepers bv"," Heerewaarden"
"B1343F","LDF",200,"Metaaldraaierij Sepers bv"," Heerewaarden"
"B1344A","LDA",125,"Padmos BV"," Stellendam"
"B1344F","LDF",125,"Padmos BV"," Stellendam"
"B1345A","LDA",125,"Padmos BV"," Stellendam"
"B1345F","LDF",125,"Padmos BV"," Stellendam"
"B1346A","LDA",220,"Bayens B.V."," Raamsdonksveer"
"B1346F","LDF",220,"Bayens B.V."," Raamsdonksveer"
"B1347A","LDA",220,"Exalto bv"," Hardinxveld-Giessendam"
"B1347F","LDF",220,"Exalto bv"," Hardinxveld-Giessendam"
"B1348A","LDA",220,"Exalto bv"," Hardinxveld-Giessendam"
"B1348F","LDF",220,"Exalto bv"," Hardinxveld-Giessendam"
"B1349A","LDA",240,"Fulton Hemiksem NV"," Hemiksem"
"B1349F","LDF",240,"Fulton Hemiksem NV"," Hemiksem"
"B1350A","LDA",240,"Fulton Hemiksem NV"," Hemiksem"
"B1350F","LDF",240,"Fulton Hemiksem NV"," Hemiksem"
"B1351A","LDA",190,"Rubber Design b.v."," Heerjansdam"
"B1352A","LDA",190,"Rubber Design b.v."," Heerjansdam"
"B1353A","LDA",140,"Padmos BV"," Stellendam"
"B1353F","LDF",140,"Padmos BV"," Stellendam"
"B1354A","LDA",190,"Bodewes Binnenvaart bv"," Millingen a/d Rijn"
"B1354F","LDF",190,"Bodewes Binnenvaart bv"," Millingen a/d Rijn"
"B1355A","LDA",240,"Holland Roer-Propeller bv"," Krimpen aan de Lek"
"B1356A","LDA",240,"Holland Roer-Propeller bv"," Krimpen aan de Lek"
"B1357A","LDA",480,"Holland Roer-Propeller bv"," Krimpen aan de Lek"
"B1358A","LDA",125,"Gebr. Kooiman bv"," Zwijndrecht"
"B1358F","LDF",125,"Gebr. Kooiman bv"," Zwijndrecht"
"B1359A","LDA",125,"Gebr. Kooiman bv"," Zwijndrecht"
"B1359F","LDF",125,"Gebr. Kooiman bv"," Zwijndrecht"
"B1360F","LDF",170,"Scheepswerf L.J. Boer Sliedrecht B.V.",
"B1361F","LDF",170,"Scheepswerf L.J. Boer Sliedrecht B.V.",
"B1362F","LDF",110,"MJP-sterby Gjuteri AB"," sterbybruk"
"B1363F","LDF",110,"MJP-sterby Gjuteri AB"," sterbybruk"
"B1364F","LDF",110,"MJP-sterby Gjuteri AB"," sterbybruk"
"B1365A","LDA",220,"Gebr. Kooiman bv"," Zwijndrecht"
"B1365F","LDF",220,"Gebr. Kooiman bv"," Zwijndrecht"
"B1366A","LDA",200,"Den Breejen bv"," Hardinxveld-Giessendam"
"B1366F","LDF",200,"Den Breejen bv"," Hardinxveld-Giessendam"
"B1367A","LDA",155,"Hepworth"," Hull"
"B1367F","LDF",155,"Hepworth"," Hull"
"B1368A","LDA",155,"Hepworth"," Hull"
"B1368F","LDF",155,"Hepworth"," Hull"
"B1369F","LDF",110,"Van Voorden B.V."," Zaltbommel"
"B1370A","LDA",220,"Gebr. Van Dijke BV",
"B1370F","LDF",220,"Gebr. Van Dijke BV",
"B1371A","LDA",220,"Gebr. Van Dijke BV",
"B1371F","LDF",220,"Gebr. Van Dijke BV",
"B1372A","LDA",155,"Teignbridge Propellers Ned. bv"," Gorinchem"
"B1372F","LDF",155,"Teignbridge Propellers Ned. bv"," Gorinchem"
"B1373A","LDA",155,"Teignbridge Propellers Ned. bv"," Gorinchem"
"B1373F","LDF",155,"Teignbridge Propellers Ned. bv"," Gorinchem"
"B1374A","LDA",140,"Exalto bv"," Hardinxveld-Giessendam"
"B1374F","LDF",140,"Exalto bv"," Hardinxveld-Giessendam"
"B1375A","LDA",155,"Exalto bv"," Hardinxveld-Giessendam"
"B1375F","LDF",155,"Exalto bv"," Hardinxveld-Giessendam"
"B1376A","LDA",155,"Exalto bv"," Hardinxveld-Giessendam"
"B1376F","LDF",155,"Exalto bv"," Hardinxveld-Giessendam"
"B1377A","LDA",190,"Rynwaal Shipyards"," Hardinxveld-Giessendam"
"B1377F","LDF",190,"Rynwaal Shipyards"," Hardinxveld-Giessendam"
"B1378A","LDA",190,"Rynwaal Shipyards"," Hardinxveld-Giessendam"
"B1378F","LDF",190,"Rynwaal Shipyards"," Hardinxveld-Giessendam"
"B1379A","LDA",190,"Rynwaal Shipyards"," Hardinxveld-Giessendam"
"B1379F","LDF",190,"Rynwaal Shipyards"," Hardinxveld-Giessendam"
"B1380A","LDA",190,"Rynwaal Shipyards"," Hardinxveld-Giessendam"
"B1380F","LDF",190,"Rynwaal Shipyards"," Hardinxveld-Giessendam"
"B1381A","LDA",190,"Van Duyvendijk BV"," Krimpen aan den IJssel"
"B1381F","LDF",190,"Van Duyvendijk BV"," Krimpen aan den IJssel"
"B1382A","LDA",125,"Gebr. Kooiman bv"," Zwijndrecht"
"B1382F","LDF",125,"Gebr. Kooiman bv"," Zwijndrecht"
"B1383A","LDA",125,"Gebr. Kooiman bv"," Zwijndrecht"
"B1383F","LDF",125,"Gebr. Kooiman bv"," Zwijndrecht"
"B1384A","LDA",220,"Machinefabriek De Waal B.V."," Werkendam"
"B1384F","LDF",220,"Machinefabriek De Waal B.V."," Werkendam"
"B1385A","LDA",220,"Fulton Hemiksem NV"," Hemiksem"
"B1385F","LDF",220,"Fulton Hemiksem NV"," Hemiksem"
"B1386A","LDA",200,"De Gerlien van Tiem"," Druten"
"B1386F","LDF",200,"De Gerlien van Tiem"," Druten"
"B1387A","LDA",200,"De Gerlien van Tiem"," Druten"
"B1387F","LDF",200,"De Gerlien van Tiem"," Druten"
"B1388A","LDA",170,"Hepworth"," Hull"
"B1388F","LDF",170,"Hepworth"," Hull"
"B1389A","LDA",170,"Exalto bv"," Hardinxveld-Giessendam"
"B1389F","LDF",170,"Exalto bv"," Hardinxveld-Giessendam"
"B1390A","LDA",190,"Van Duyvendijk BV"," Krimpen aan den IJssel"
"B1390F","LDF",190,"Van Duyvendijk BV"," Krimpen aan den IJssel"
"B1391A","LDA",190,"Van Duyvendijk BV"," Krimpen aan den IJssel"
"B1391F","LDF",190,"Van Duyvendijk BV"," Krimpen aan den IJssel"
"B1392A","LDA",170,"Scheepswerf Jooren"," Werkendam"
"B1392F","LDF",190,"Scheepswerf Jooren"," Werkendam"
"B1393A","LDA",220,"van der Giessen - de Noord bv"," Alblasserdam"
"B1393F","LDF",220,"van der Giessen - de Noord bv"," Alblasserdam"
"B1394A","LDA",155,"De Gerlien van Tiem"," Druten"
"B1395A","LDA",110,"Amartech"," Hardinxveld-Giessendam"
"B1395F","LDF",110,"Amartech"," Hardinxveld-Giessendam"
"B1396A","LDA",260,"Maasdok"," Maastricht"
"B1396F","LDF",260,"Maasdok"," Maastricht"
"B1397A","LDA",220,"Gebr. Van Dijke BV",
"B1397F","LDF",220,"Gebr. Van Dijke BV",
"B1398A","LDA",220,"Gebr. Van Dijke BV",
"B1398F","LDF",220,"Gebr. Van Dijke BV",
"B1399A","LDA",125,"Scheepswerf Gelria"," Nijmegen"
"B1400F","LDF",125,"Van Voorden B.V."," Zaltbommel"
"B1401F","LDF",125,"Van Voorden B.V."," Zaltbommel"
"B1402A","LDA",140,"Gebr. Kooiman bv"," Zwijndrecht"
"B1402F","LDF",140,"Gebr. Kooiman bv"," Zwijndrecht"
"B1403A","LDA",140,"Gebr. Kooiman bv"," Zwijndrecht"
"B1403F","LDF",140,"Gebr. Kooiman bv"," Zwijndrecht"
"B1404A","LDA",170,"Hundested Propeller A/S"," Hundested"
"B1404F","LDF",170,"Hundested Propeller A/S"," Hundested"
"B1405A","LDA",220,"Bayens B.V."," Raamsdonksveer"
"B1405F","LDF",220,"Bayens B.V."," Raamsdonksveer"
"B1406A","LDA",110,"Van Voorden B.V."," Zaltbommel"
"B1407A","LDA",190,"Exalto bv"," Hardinxveld-Giessendam"
"B1407F","LDF",170,"Exalto bv"," Hardinxveld-Giessendam"
"B1408F","LDF",190,"Den Breejen bv"," Hardinxveld-Giessendam"
"B1409A","LDA",220,"Gebr. Van Dijke BV",
"B1409F","LDF",220,"Gebr. Van Dijke BV",
"B1410A","LDA",220,"Gebr. Van Dijke BV",
"B1410F","LDF",220,"Gebr. Van Dijke BV",
"B1411A","LDA",190,"Machinefabriek Dolderman bv"," Dordrecht"
"B1411F","LDF",190,"Machinefabriek Dolderman bv"," Dordrecht"
"B1412A","LDA",190,"Machinefabriek Dolderman bv"," Dordrecht"
"B1412F","LDF",190,"Machinefabriek Dolderman bv"," Dordrecht"
"B1413A","LDA",140,"Exalto bv"," Hardinxveld-Giessendam"
"B1413F","LDF",140,"Exalto bv"," Hardinxveld-Giessendam"
"B1414A","LDA",140,"Exalto bv"," Hardinxveld-Giessendam"
"B1414F","LDF",140,"Exalto bv"," Hardinxveld-Giessendam"
"B1415A","LDA",140,"De Gerlien van Tiem"," Druten"
"B1416A","LDA",190,"Lips BV",
"B1416F","LDF",190,"Lips BV",
"B1417A","LDA",190,"Lips BV",
"B1417F","LDF",190,"Lips BV",
"B1418A","LDA",155,"Metaaldraaierij Sepers bv"," Heerewaarden"
"B1418F","LDF",155,"Metaaldraaierij Sepers bv"," Heerewaarden"
"B1419A","LDA",155,"Metaaldraaierij Sepers bv"," Heerewaarden"
"B1419F","LDF",155,"Metaaldraaierij Sepers bv"," Heerewaarden"
"B1420A","LDA",200,"Den Breejen bv"," Hardinxveld-Giessendam"
"B1420F","LDF",200,"Den Breejen bv"," Hardinxveld-Giessendam"
"B1421A","LDA",200,"Den Breejen bv"," Hardinxveld-Giessendam"
"B1421F","LDF",200,"Den Breejen bv"," Hardinxveld-Giessendam"
"B1422A","LDA",190,"Bodewes Binnenvaart bv"," Millingen a/d Rijn"
"B1422F","LDF",190,"Bodewes Binnenvaart bv"," Millingen a/d Rijn"
"B1423A","LDA",200,"Machinefabriek De Waal B.V."," Werkendam"
"B1423F","LDF",200,"Machinefabriek De Waal B.V."," Werkendam"
"B1424A","LDA",220,"Machinefabriek De Waal B.V."," Werkendam"
"B1424F","LDF",220,"Machinefabriek De Waal B.V."," Werkendam"
"B1425A","LDA",220,"Exalto bv"," Hardinxveld-Giessendam"
"B1426A","LDA",140,"Wijnhoff & Van Gulpen & Larsen BV",
"B1427A","LDA",200,"Exalto bv"," Hardinxveld-Giessendam"
"B1427F","LDF",200,"Exalto bv"," Hardinxveld-Giessendam"
"B1428A","LDA",200,"Exalto bv"," Hardinxveld-Giessendam"
"B1428F","LDF",200,"Exalto bv"," Hardinxveld-Giessendam"
"B1429A","LDA",200,"Den Breejen bv"," Hardinxveld-Giessendam"
"B1429F","LDF",200,"Den Breejen bv"," Hardinxveld-Giessendam"
"B1430A","LDA",140,"Korsor Motor- og Propellerfabrik A/S",
"B1431A","LDA",140,"Korsor Motor- og Propellerfabrik A/S",
"B1432A","LDA",125,"Korsor Motor- og Propellerfabrik A/S",
"B1433A","LDA",125,"Korsor Motor- og Propellerfabrik A/S",
"B1434A","LDA",190,"Breko BV"," Papendrecht"
"B1434F","LDF",190,"Breko BV"," Papendrecht"
"B1435A","LDA",190,"Breko BV"," Papendrecht"
"B1435F","LDF",190,"Breko BV"," Papendrecht"
"B1436A","LDA",220,"Gebr. Van Dijke BV",
"B1436F","LDF",220,"Gebr. Van Dijke BV",
"B1437A","LDA",220,"Gebr. Van Dijke BV",
"B1437F","LDF",220,"Gebr. Van Dijke BV",
"B1438A","LDA",155,"Maaskant Shipyard"," Bruinisse"
"B1438F","LDF",155,"Maaskant Shipyard"," Bruinisse"
"B1439A","LDA",155,"Maaskant Shipyard"," Bruinisse"
"B1439F","LDF",155,"Maaskant Shipyard"," Bruinisse"
"B1440A","LDA",155,"Exalto bv"," Hardinxveld-Giessendam"
"B1441A","LDA",200,"Van Duyvendijk BV"," Krimpen aan den IJssel"
"B1441F","LDF",200,"Van Duyvendijk BV"," Krimpen aan den IJssel"
"B1442A","LDA",220,"Hermanos Alfaro"," S.L."
"B1442F","LDF",190,"Hermanos Alfaro"," S.L."
"B1443A","LDA",200,"Krupp/Ruhrorter  Schiffswerft GmbH"," Duisburg"
"B1443F","LDF",190,"Krupp/Ruhrorter  Schiffswerft GmbH"," Duisburg"
"B1444A","LDA",200,"Krupp/Ruhrorter  Schiffswerft GmbH"," Duisburg"
"B1444F","LDF",190,"Krupp/Ruhrorter  Schiffswerft GmbH"," Duisburg"
"B1445A","LDA",190,"Bayens B.V."," Raamsdonksveer"
"B1445F","LDF",190,"Bayens B.V."," Raamsdonksveer"
"B1446A","LDA",190,"Bayens B.V."," Raamsdonksveer"
"B1446F","LDF",190,"Bayens B.V."," Raamsdonksveer"
"B1447F","LDF",155,"Rubber Design b.v."," Heerjansdam"
"B1448F","LDF",155,"Rubber Design b.v."," Heerjansdam"
"B1449A","LDA",200,"Teignbridge Propellers Ned. bv"," Gorinchem"
"B1449F","LDF",200,"Teignbridge Propellers Ned. bv"," Gorinchem"
"B1450A","LDA",200,"Teignbridge Propellers Ned. bv"," Gorinchem"
"B1450F","LDF",200,"Teignbridge Propellers Ned. bv"," Gorinchem"
"B1451A","LDA",170,"Geertman"," Zwartsluis"
"B1451F","LDF",170,"Geertman"," Zwartsluis"
"B1452A","LDA",220,"Machinefabriek Dolderman bv"," Dordrecht"
"B1452F","LDF",220,"Machinefabriek Dolderman bv"," Dordrecht"
"B1453A","LDA",220,"Machinefabriek Dolderman bv"," Dordrecht"
"B1453F","LDF",220,"Machinefabriek Dolderman bv"," Dordrecht"
"B1454A","LDA",190,"Metaaldraaierij Sepers bv"," Heerewaarden"
"B1454F","LDF",190,"Metaaldraaierij Sepers bv"," Heerewaarden"
"B1455A","LDA",220,"Gelria"," Nijmegen"
"B1456F","LDF",170,"Scheepswerf Visser bv"," Den Helder"
"B1457A","LDA",140,"Metaaldraaierij Sepers bv"," Heerewaarden"
"B1457F","LDF",140,"Metaaldraaierij Sepers bv"," Heerewaarden"
"B1458A","LDA",155,"Van Voorden B.V."," Zaltbommel"
"B1459F","LDF",155,"Hermanos Alfaro"," S.L."
"B1460F","LDF",155,"Hermanos Alfaro"," S.L."
"B1461A","LDA",220,"van der Giessen - de Noord bv"," Alblasserdam"
"B1461F","LDF",220,"van der Giessen - de Noord bv"," Alblasserdam"
"B1462A","LDA",200,"Schiffswerft Schlmer GmbH & Co. KG"," Leer"
"B1462F","LDF",190,"Schiffswerft Schlmer GmbH & Co. KG"," Leer"
"B1463A","LDA",190,"Scheepswerf Meppel"," Meppel"
"B1463F","LDF",190,"Scheepswerf Meppel"," Meppel"
"B1464A","LDA",220,"Scheepswerf Peters"," Kampen"
"B1464F","LDF",200,"Scheepswerf Peters"," Kampen"
"B1465A","LDA",140,"Scheepswerf Gelria"," Nijmegen"
"B1466A","LDA",220,"Bodewes Binnenvaart bv"," Millingen a/d Rijn"
"B1466F","LDF",220,"Bodewes Binnenvaart bv"," Millingen a/d Rijn"
"B1467A","LDA",190,"Bayens B.V."," Raamsdonksveer"
"B1467F","LDF",190,"Bayens B.V."," Raamsdonksveer"
"B1468F","LDF",110,"Van Voorden B.V."," Zaltbommel"
"B1469A","LDA",170,"Padmos BV"," Stellendam"
"B1469F","LDF",170,"Padmos BV"," Stellendam"
"B1470A","LDA",190,"Machinefabriek Dolderman bv"," Dordrecht"
"B1471A","LDA",190,"Machinefabriek Dolderman bv"," Dordrecht"
"B1472A","LDA",155,"Maaskant Shipyards bv"," Stellendam"
"B1472F","LDF",155,"Maaskant Shipyards bv"," Stellendam"
"B1473A","LDA",155,"Maaskant Shipyards bv"," Stellendam"
"B1473F","LDF",155,"Maaskant Shipyards bv"," Stellendam"
"B1474A","LDA",170,"Exalto bv"," Hardinxveld-Giessendam"
"B1474F","LDF",170,"Exalto bv"," Hardinxveld-Giessendam"
"B1475A","LDA",170,"Exalto bv"," Hardinxveld-Giessendam"
"B1475F","LDF",170,"Exalto bv"," Hardinxveld-Giessendam"
"B1476A","LDA",140,"Schiffswerft J. Braun KG"," Speyer"
"B1476F","LDF",140,"Schiffswerft J. Braun KG"," Speyer"
"B1477F","LDF",155,"Rubber Design b.v."," Heerjansdam"
"B1478F","LDF",155,"Rubber Design b.v."," Heerjansdam"
"B1479A","LDA",190,"Hundested Propeller A/S"," Hundested"
"B1480A","LDA",190,"Hundested Propeller A/S"," Hundested"
"B1481A","LDA",140,"Schiffswerft J. Braun KG"," Speyer"
"B1481F","LDF",140,"Schiffswerft J. Braun KG"," Speyer"
"B1482A","LDA",200,"Machinefabriek Hasselt bv"," Hasselt"
"B1482F","LDF",200,"Machinefabriek Hasselt bv"," Hasselt"
"B1483A","LDA",170,"Van Duyvendijk BV"," Krimpen aan den IJssel"
"B1483F","LDF",155,"Van Duyvendijk BV"," Krimpen aan den IJssel"
"B1484A","LDA",170,"Van Duyvendijk BV"," Krimpen aan den IJssel"
"B1484F","LDF",155,"Van Duyvendijk BV"," Krimpen aan den IJssel"
"B1485A","LDA",155,"Machinefabriek De Waal B.V."," Werkendam"
"B1485F","LDF",140,"Machinefabriek De Waal B.V."," Werkendam"
"B1486A","LDA",200,"De Gerlien van Tiem"," Druten"
"B1486F","LDF",200,"De Gerlien van Tiem"," Druten"
"B1487A","LDA",200,"De Gerlien van Tiem"," Druten"
"B1487F","LDF",200,"De Gerlien van Tiem"," Druten"
"B1488A","LDA",200,"Metaaldraaierij Sepers bv"," Heerewaarden"
"B1488F","LDF",200,"Metaaldraaierij Sepers bv"," Heerewaarden"
"B1489A","LDA",220,"Breko BV"," Papendrecht"
"B1490A","LDA",140,"Finnscrew Finland Ltd."," Turenki"
"B1490F","LDF",140,"Finnscrew Finland Ltd."," Turenki"
"B1491A","LDA",200,"De Gerlien van Tiem"," Druten"
"B1491F","LDF",200,"De Gerlien van Tiem"," Druten"
"B1492A","LDA",200,"De Gerlien van Tiem"," Druten"
"B1492F","LDF",200,"De Gerlien van Tiem"," Druten"
"B1493A","LDA",200,"De Gerlien van Tiem"," Druten"
"B1493F","LDF",200,"De Gerlien van Tiem"," Druten"
"B1494A","LDA",200,"De Gerlien van Tiem"," Druten"
"B1494F","LDF",200,"De Gerlien van Tiem"," Druten"
"B1495A","LDTS3-190-N",,"ABB Zamech Ltd"," Elblag"
"B1496A","LDTS3-190-N",,"ABB Zamech Ltd"," Elblag"
"B1497A","LDTS3-190-N",,"ABB Zamech Ltd"," Elblag"
"B1498A","LDTS3-190-N",,"ABB Zamech Ltd"," Elblag"
"B1499A","LDA",190,"Machinefabriek Dolderman bv"," Dordrecht"
"B1499F","LDF",190,"Machinefabriek Dolderman bv"," Dordrecht"
"B1500A","LDA",190,"Machinefabriek Dolderman bv"," Dordrecht"
"B1500F","LDF",190,"Machinefabriek Dolderman bv"," Dordrecht"
"B1501A","LDA",110,"Jachtwerf Jongert b.v.",
"B1502A","LDA",110,"Van Voorden B.V."," Zaltbommel"
"B1503A","LDA",110,"Van Voorden B.V."," Zaltbommel"
"B1504A","LDA",220,"Scheepswerf Peters"," Kampen"
"B1504F","LDF",200,"Scheepswerf Peters"," Kampen"
"B1505A","LDA",220,"Breko BV"," Papendrecht"
"B1505F","LDF",220,"Breko BV"," Papendrecht"
"B1506A","LDA",220,"Breko BV"," Papendrecht"
"B1506F","LDF",220,"Breko BV"," Papendrecht"
"B1507A","LDA",190,"K. Damen Far East",
"B1507F","LDF",190,"K. Damen Far East",
"B1508A","LDA",190,"K. Damen Far East",
"B1508F","LDF",190,"K. Damen Far East",
"B1509A","LDA",190,"De Gerlien van Tiem"," Druten"
"B1509F","LDF",170,"De Gerlien van Tiem"," Druten"
"B1510A","LDA",170,"Hepworth"," Hull"
"B1510F","LDF",170,"Hepworth"," Hull"
"B1511A","LDA",190,"Machinefabriek De Waal B.V."," Werkendam"
"B1511F","LDF",190,"Machinefabriek De Waal B.V."," Werkendam"
"B1512A","LDA",200,"Metaaldraaierij Sepers bv"," Heerewaarden"
"B1512F","LDF",200,"Metaaldraaierij Sepers bv"," Heerewaarden"
"B1513A","LDA",220,"Bodewes Binnenvaart bv"," Millingen a/d Rijn"
"B1513F","LDF",220,"Bodewes Binnenvaart bv"," Millingen a/d Rijn"
"B1514A","LDA",220,"Machinefabriek Dolderman bv"," Dordrecht"
"B1514F","LDF",220,"Machinefabriek Dolderman bv"," Dordrecht"
"B1515A","LDA",220,"Machinefabriek Dolderman bv"," Dordrecht"
"B1515F","LDF",220,"Machinefabriek Dolderman bv"," Dordrecht"
"B1516A","LDA",140,"Van Lent"," Kaag"
"B1517A","LDA",140,"Van Lent"," Kaag"
"B1518A","LDA",140,"Rubber Design b.v."," Heerjansdam"
"B1519A","LDA",140,"Rubber Design b.v."," Heerjansdam"
"B1520A","LDA",170,"Amels",
"B1520F","LDF",155,"Amels",
"B1521A","LDA",170,"Amels",
"B1521F","LDF",155,"Amels",
"B1522A","LDA",170,"Amels",
"B1522F","LDF",155,"Amels",
"B1523A","LDA",170,"Amels",
"B1523F","LDF",155,"Amels",
"B1524A","LDA",200,"Amels",
"B1525A","LDA",200,"Amels",
"B1526A","LDA",200,"Amels",
"B1527A","LDA",200,"Amels",
"B1528A","LDA",200,"Bayens B.V."," Raamsdonksveer"
"B1528F","LDF",200,"Bayens B.V."," Raamsdonksveer"
"B1529A","LDA",155,"Exalto bv"," Hardinxveld-Giessendam"
"B1529F","LDF",155,"Exalto bv"," Hardinxveld-Giessendam"
"B1530A","LDC190",,"Scheepswerf Visser bv"," Den Helder"
"B1531F","LDF",140,"Exalto bv"," Hardinxveld-Giessendam"
"B1532F","LDF",140,"Exalto bv"," Hardinxveld-Giessendam"
"B1533A","LDA",190,"Metaaldraaierij Sepers bv"," Heerewaarden"
"B1533F","LDF",190,"Metaaldraaierij Sepers bv"," Heerewaarden"
"B1534A","LDA",170,"Metaaldraaierij Sepers bv"," Heerewaarden"
"B1534F","LDF",170,"Metaaldraaierij Sepers bv"," Heerewaarden"
"B1535A","LDA",200,"Den Breejen bv"," Hardinxveld-Giessendam"
"B1535F","LDF",200,"Den Breejen bv"," Hardinxveld-Giessendam"
"B1536A","LDA",200,"Den Breejen bv"," Hardinxveld-Giessendam"
"B1536F","LDF",200,"Den Breejen bv"," Hardinxveld-Giessendam"
"B1537A","LDA",200,"Den Breejen bv"," Hardinxveld-Giessendam"
"B1537F","LDF",200,"Den Breejen bv"," Hardinxveld-Giessendam"
"B1538A","LDA",190,"Metaaldraaierij Sepers bv"," Heerewaarden"
"B1538F","LDF",190,"Metaaldraaierij Sepers bv"," Heerewaarden"
"B1539A","LDA",220,"Scheepswerf Peters"," Kampen"
"B1539F","LDF",200,"Scheepswerf Peters"," Kampen"
"B1540A","LDA",170,"Hoogendijk Groep"," Sliedrecht"
"B1540F","LDF",170,"Hoogendijk Groep"," Sliedrecht"
"B1541A","LDA",170,"Hoogendijk Groep"," Sliedrecht"
"B1541F","LDF",170,"Hoogendijk Groep"," Sliedrecht"
"B1542A","LDA",140,"Hekla Hf"," Reykjavik"
"B1542F","LDF",140,"Hekla Hf"," Reykjavik"
"B1543A","LDA",140,"Hekla Hf"," Reykjavik"
"B1543F","LDF",140,"Hekla Hf"," Reykjavik"
"B1544A","LDTS-220-A-N",,"ABB Zamech Ltd"," Elblag"
"B1545A","LDTS-220-A-N",,"ABB Zamech Ltd"," Elblag"
"B1546A","LDA",200,"Schiffswerft Schlmer GmbH & Co. KG"," Leer"
"B1546F","LDF",190,"Schiffswerft Schlmer GmbH & Co. KG"," Leer"
"B1547F","LDF",170,"Tecnogomes"," Alges"
"B1548A","LDA",155,"Scheepswerf Reimerswaal"," Hansweert"
"B1548F","LDF",155,"Scheepswerf Reimerswaal"," Hansweert"
"B1549A","LDA",140,"Padmos BV"," Stellendam"
"B1549F","LDF",140,"Padmos BV"," Stellendam"
"B1550A","LDA",220,"Exalto bv"," Hardinxveld-Giessendam"
"B1550F","LDF",220,"Exalto bv"," Hardinxveld-Giessendam"
"B1551A","LDA",220,"Machinefabriek Dolderman bv"," Dordrecht"
"B1551F","LDF",220,"Machinefabriek Dolderman bv"," Dordrecht"
"B1552A","LDA",220,"Metaaldraaierij Sepers bv"," Heerewaarden"
"B1552F","LDF",220,"Metaaldraaierij Sepers bv"," Heerewaarden"
"B1553A","LDA",170,"Bodewes Scheepswerven BV"," Hasselt"
"B1553F","LDF",155,"Bodewes Scheepswerven BV"," Hasselt"
"B1554A","LDA",190,"Metaaldraaierij Sepers bv"," Heerewaarden"
"B1554F","LDF",190,"Metaaldraaierij Sepers bv"," Heerewaarden"
"B1555A","LDA",240,"Gdynia Yard S.A."," Gdynia"
"B1556A","LDA",240,"Gdynia Yard S.A."," Gdynia"
"B1557A","LDA",240,"Gdynia Yard S.A."," Gdynia"
"B1558A","LDA",240,"Gdynia Yard S.A."," Gdynia"
"B1559A","LDA",190,"Scheepswerf L.J. Boer Sliedrecht B.V.",
"B1559F","LDF",170,"Scheepswerf L.J. Boer Sliedrecht B.V.",
"B1560A","LDA",155,"Scheepswerf Reimerswaal"," Hansweert"
"B1560F","LDF",155,"Scheepswerf Reimerswaal"," Hansweert"
"B1561A","LDA",155,"Scheepswerf Reimerswaal"," Hansweert"
"B1561F","LDF",155,"Scheepswerf Reimerswaal"," Hansweert"
"B1562A","LDA",170,"Van Duyvendijk BV"," Krimpen aan den IJssel"
"B1562F","LDF",155,"Van Duyvendijk BV"," Krimpen aan den IJssel"
"B1563A","LDA",190,"Van Duyvendijk BV"," Krimpen aan den IJssel"
"B1563F","LDF",190,"Van Duyvendijk BV"," Krimpen aan den IJssel"
"B1564A","LDA",190,"Elsflether Werft GmbH"," Elsfleth"
"B1564F","LDF",190,"Elsflether Werft GmbH"," Elsfleth"
"B1565A","LDA",155,"Werkhuizen Ketels"," Gent"
"B1565F","LDF",155,"Werkhuizen Ketels"," Gent"
"B1566F","LDF",155,"Tecnogomes"," Alges"
"B1567F","LDF",155,"Tecnogomes"," Alges"
"B1568A","LDA",125,"P.Groenendijk"," Papendrecht"
"B1568F","LDF",125,"P.Groenendijk"," Papendrecht"
"B1569A","LDA",125,"P.Groenendijk"," Papendrecht"
"B1569F","LDF",125,"P.Groenendijk"," Papendrecht"
"B1570A","LDA",190,"Machinefabriek De Waal B.V."," Werkendam"
"B1570F","LDF",190,"Machinefabriek De Waal B.V."," Werkendam"
"B1571F","LDF",140,"Tecnogomes"," Alges"
"B1572A","LDA",170,"Machinefabriek De Waal B.V."," Werkendam"
"B1572F","LDF",170,"Machinefabriek De Waal B.V."," Werkendam"
"B1573A","LDTS3-190-N",,"ABB Zamech Ltd"," Elblag"
"B1574A","LDTS3-190-N",,"ABB Zamech Ltd"," Elblag"
"B1575A","LDTS3-190-N",,"ABB Zamech Ltd"," Elblag"
"B1576A","LDA",190,"Bodewes Scheepswerven BV"," Hasselt"
"B1576F","LDF",190,"Bodewes Scheepswerven BV"," Hasselt"
"B1577A","LDA",190,"Bayens B.V."," Raamsdonksveer"
"B1577F","LDF",190,"Bayens B.V."," Raamsdonksveer"
"B1578A","LDA",155,"Exalto bv"," Hardinxveld-Giessendam"
"B1578F","LDF",155,"Exalto bv"," Hardinxveld-Giessendam"
"B1579A","LDA",200,"Rynwaal Shipyards"," Hardinxveld-Giessendam"
"B1579F","LDF",200,"Rynwaal Shipyards"," Hardinxveld-Giessendam"
"B1580A","LDA",200,"Rynwaal Shipyards"," Hardinxveld-Giessendam"
"B1580F","LDF",200,"Rynwaal Shipyards"," Hardinxveld-Giessendam"
"B1581A","LDA",220,"Machinefabriek Dolderman bv"," Dordrecht"
"B1582A","LDTS-260-A",,"Gdynia",
"B1583A","LDTS-260-A",,"Onbekend",
"B1584A","LDTS-260-A",,"Gdynia",
"B1585A","LDTS-260-A",,"Onbekend",
"B1586A","LDTS-260-A",,"Gdynia",
"B1587A","LDTS-260-A",,"Onbekend",
"B1588A","LDTS-260-A",,"Gdynia",
"B1589A","LDTS-260-A",,"Onbekend",
"B1590A","LDA",110,"Krupp Germaniawerft (Germany (East))",
"B1590F","LDF",110,"Krupp Germaniawerft (Germany (East))",
"B1591A","LDA",220,"Bodewes Binnenvaart bv"," Millingen a/d Rijn"
"B1591F","LDF",220,"Bodewes Binnenvaart bv"," Millingen a/d Rijn"
"B1592A","LDA",190,"Metaaldraaierij Sepers bv"," Heerewaarden"
"B1592F","LDF",190,"Metaaldraaierij Sepers bv"," Heerewaarden"
"B1593A","LDA",220,"Machinefabriek De Waal B.V."," Werkendam"
"B1593F","LDF",220,"Machinefabriek De Waal B.V."," Werkendam"
"B1594A","LDA",125,"CASCO Hemiksem",
"B1594F","LDF",125,"CASCO Hemiksem",
"B1595A","LDA",190,"Bayens B.V."," Raamsdonksveer"
"B1595F","LDF",190,"Bayens B.V."," Raamsdonksveer"
"B1596A","LDA",220,"Den Breejen bv"," Hardinxveld-Giessendam"
"B1596F","LDF",220,"Den Breejen bv"," Hardinxveld-Giessendam"
"B1597A","LDTS-220-A-N",,"ABB Zamech Ltd"," Elblag"
"B1598A","LDTS-220-A-N",,"ABB Zamech Ltd"," Elblag"
"B1599A","LDTS-220-A-N",,"ABB Zamech Ltd"," Elblag"
"B1600A","LDTS-220-A-N",,"ABB Zamech Ltd"," Elblag"
"B1601A","LDTS-220-A-N",,"ABB Zamech Ltd"," Elblag"
"B1602A","LDA",220,"Den Breejen bv"," Hardinxveld-Giessendam"
"B1602F","LDF",220,"Den Breejen bv"," Hardinxveld-Giessendam"
"B1603A","LDA",200,"Den Breejen bv"," Hardinxveld-Giessendam"
"B1603F","LDF",200,"Den Breejen bv"," Hardinxveld-Giessendam"
"B1604A","LDA",200,"Den Breejen bv"," Hardinxveld-Giessendam"
"B1604F","LDF",200,"Den Breejen bv"," Hardinxveld-Giessendam"
"B1605A","LDA",200,"Den Breejen bv"," Hardinxveld-Giessendam"
"B1605F","LDF",200,"Den Breejen bv"," Hardinxveld-Giessendam"
"B1606A","LDA",200,"N.V. Scheepswerven De Graeve"," Zeebrugge"
"B1606F","LDF",200,"N.V. Scheepswerven De Graeve"," Zeebrugge"
"B1607A","LDA",200,"Den Breejen bv"," Hardinxveld-Giessendam"
"B1607F","LDF",200,"Den Breejen bv"," Hardinxveld-Giessendam"
"B1608A","LDA",220,"Hundested Propeller A/S"," Hundested"
"B1608F","LDF",220,"Hundested Propeller A/S"," Hundested"
"B1609A","LDA",125,"Jachtwerf Jongert b.v.",
"B1610A","LDA",200,"De Gerlien van Tiem"," Druten"
"B1610F","LDF",200,"De Gerlien van Tiem"," Druten"
"B1611A","LDA",220,"Machinefabriek De Waal B.V."," Werkendam"
"B1611F","LDF",220,"Machinefabriek De Waal B.V."," Werkendam"
"B1612A","LDA",220,"Exalto bv"," Hardinxveld-Giessendam"
"B1612F","LDF",220,"Exalto bv"," Hardinxveld-Giessendam"
"B1613A","LDA",220,"Breko Nieuwbouw BV"," Papendrecht"
"B1613F","LDF",220,"Breko Nieuwbouw BV"," Papendrecht"
"B1614A","LDA",220,"Breko Nieuwbouw BV"," Papendrecht"
"B1614F","LDF",220,"Breko Nieuwbouw BV"," Papendrecht"
"B1615A","LDA",170,"Machinefabriek Dolderman bv"," Dordrecht"
"B1615F","LDF",170,"Machinefabriek Dolderman bv"," Dordrecht"
"B1616A","LDA",220,"Machinefabriek Dolderman bv"," Dordrecht"
"B1616F","LDF",220,"Machinefabriek Dolderman bv"," Dordrecht"
"B1617A","LDA",190,"Machinefabriek Dolderman bv"," Dordrecht"
"B1617F","LDF",190,"Machinefabriek Dolderman bv"," Dordrecht"
"B1618A","LDA",190,"Machinefabriek Dolderman bv"," Dordrecht"
"B1618F","LDF",190,"Machinefabriek Dolderman bv"," Dordrecht"
"B1619A","LDA",155,"Exalto bv"," Hardinxveld-Giessendam"
"B1620A","LDA",140,"Scheepswerf L.J. Boer Sliedrecht B.V.",
"B1620F","LDF",140,"Scheepswerf L.J. Boer Sliedrecht B.V.",
"B1621A","LDA",140,"Scheepswerf L.J. Boer Sliedrecht B.V.",
"B1621F","LDF",140,"Scheepswerf L.J. Boer Sliedrecht B.V.",
"B1622A","LDA",220,"Bodewes",
"B1623A","LDA",190,"Gebr. Kooiman bv"," Zwijndrecht"
"B1624A","LDA",140,"Neptunus"," Aalst"
"B1624F","LDF",140,"Neptunus"," Aalst"
"B1625A","LDA",140,"Neptunus"," Aalst"
"B1625F","LDF",140,"Neptunus"," Aalst"
"B1626A","LDA",200,"Gebr. Van Dijke BV",
"B1626F","LDF",190,"Gebr. Van Dijke BV",
"B1627A","LDA",200,"Schlmer Schiffswerft GmbH & Co KG",
"B1627F","LDF",190,"Schlmer Schiffswerft GmbH & Co KG",
"B1628A","LDA",220,"Dutch Shipbuilding Service BV"," Ridderkerk"
"B1628F","LDF",220,"Dutch Shipbuilding Service BV"," Ridderkerk"
"B1629A","LDA",220,"A.A. Vink"," Sliedrecht"
"B1629F","LDF",220,"A.A. Vink"," Sliedrecht"
"B1630A","LDA",220,"Scheepswerf Gelria"," Nijmegen"
"B1631A","LDA",220,"Machinefabriek De Waal B.V."," Werkendam"
"B1631F","LDF",220,"Machinefabriek De Waal B.V."," Werkendam"
"B1632A","LDA",200,"De Gerlien van Tiem"," Druten"
"B1632F","LDF",200,"De Gerlien van Tiem"," Druten"
"B1633A","LDA",200,"De Gerlien van Tiem"," Druten"
"B1633F","LDF",200,"De Gerlien van Tiem"," Druten"
"B1634A","LDA",220,"Bodewes Binnenvaart bv"," Millingen a/d Rijn"
"B1634F","LDF",220,"Bodewes Binnenvaart bv"," Millingen a/d Rijn"
"B1635A","LDA",155,"Exalto bv"," Hardinxveld-Giessendam"
"B1636A","LDA",155,"Exalto bv"," Hardinxveld-Giessendam"
"B1637A","LDA",170,"Van Duyvendijk BV"," Krimpen aan den IJssel"
"B1637F","LDF",155,"Van Duyvendijk BV"," Krimpen aan den IJssel"
"B1638A","LDA",170,"A & E Woodward Ltd.",
"B1638F","LDF",170,"A & E Woodward Ltd.",
"B1639A","LDA",170,"A & E Woodward Ltd.",
"B1639F","LDF",170,"A & E Woodward Ltd.",
"B1640A","LDA",220,"Werkhuizen Ketels"," Gent"
"B1640F","LDF",190,"Werkhuizen Ketels"," Gent"
"B1641F","LDF",240,"JSC Plant Leninska Kuznya"," Kiev"
"B1642A","LDA",200,"JSC Plant Leninska Kuznya"," Kiev"
"B1642F","LDF",190,"JSC Plant Leninska Kuznya"," Kiev"
"B1643A","LDA",170,"Schlmer Schiffswerft GmbH & Co KG",
"B1643F","LDF",170,"Schlmer Schiffswerft GmbH & Co KG",
"B1644F","LDF",155,"Meuse & Sambre"," Beez"
